{
  " ": 255.0,
  "!": 239.970947265625,
  "\"": 240.486328125,
  "#": 198.1533203125,
  "$": 191.60009765625,
  "%": 222.929931640625,
  "&": 202.13916015625,
  "'": 247.745849609375,
  "(": 228.9248046875,
  ")": 228.91455078125,
  "*": 225.771728515625,
  "+": 234.39599609375,
  ",": 243.39697265625,
  "-": 247.479248046875,
  ".": 247.6904296875,
  "/": 232.052734375,
  "0": 206.1748046875,
  "1": 225.077880859375,
  "2": 210.055908203125,
  "3": 212.167724609375,
  "4": 214.364501953125,
  "5": 209.090576171875,
  "6": 206.25537109375,
  "7": 224.828125,
  "8": 203.344482421875,
  "9": 206.314208984375,
  ":": 240.999755859375,
  ";": 236.384521484375,
  "<": 231.20703125,
  "=": 234.375,
  ">": 231.200927734375,
  "?": 230.441162109375,
  "@": 195.188232421875,
  "A": 211.92529296875,
  "B": 199.790283203125,
  "C": 216.357666015625,
  "D": 206.065185546875,
  "E": 204.57568359375,
  "F": 212.349853515625,
  "G": 208.251953125,
  "H": 203.01953125,
  "I": 219.361572265625,
  "J": 220.81640625,
  "K": 206.53955078125,
  "L": 221.7412109375,
  "M": 195.873779296875,
  "N": 204.7763671875,
  "O": 209.805419921875,
  "P": 210.21875,
  "Q": 198.976318359375,
  "R": 201.90478515625,
  "S": 208.25927734375,
  "T": 216.071044921875,
  "U": 212.683349609375,
  "V": 217.533203125,
  "W": 202.718505859375,
  "X": 207.3271484375,
  "Y": 217.33447265625,
  "Z": 208.49560546875,
  "[": 220.4404296875,
  "\\": 232.000732421875,
  "]": 220.431640625,
  "^": 235.977294921875,
  "_": 242.710205078125,
  "`": 247.2275390625,
  "a": 214.883544921875,
  "b": 212.13623046875,
  "c": 223.6376953125,
  "d": 210.0283203125,
  "e": 215.418212890625,
  "f": 216.411376953125,
  "g": 200.42578125,
  "h": 212.585693359375,
  "i": 224.412353515625,
  "j": 218.592529296875,
  "k": 212.1962890625,
  "l": 223.158447265625,
  "m": 209.871337890625,
  "n": 218.18017578125,
  "o": 221.325927734375,
  "p": 209.35400390625,
  "q": 211.482666015625,
  "r": 226.435546875,
  "s": 215.359619140625,
  "t": 223.72119140625,
  "u": 219.6875,
  "v": 226.076904296875,
  "w": 218.179931640625,
  "x": 218.31298828125,
  "y": 217.0673828125,
  "z": 218.866455078125,
  "{": 218.09521484375,
  "|": 230.265625,
  "}": 218.109375,
  "~": 239.2353515625
}